{"mean":{"confidence_interval":{"confidence_level":0.95,"lower_bound":7953588.62692647,"upper_bound":8135643.068867649},"point_estimate":8037281.468823531,"standard_error":46743.51559402752},"median":{"confidence_interval":{"confidence_level":0.95,"lower_bound":7855730.411764706,"upper_bound":7987977.94117647},"point_estimate":7935227.94117647,"standard_error":37988.67996968165},"median_abs_dev":{"confidence_interval":{"confidence_level":0.95,"lower_bound":185286.885169324,"upper_bound":288345.6797808409},"point_estimate":251471.49977666466,"standard_error":26597.04448340784},"slope":null,"std_dev":{"confidence_interval":{"confidence_level":0.95,"lower_bound":272694.36924015195,"upper_bound":636931.1866028024},"point_estimate":471192.3888249887,"standard_error":93115.76660428803}}